id,firstname,lastname,email,profession,phone
100,Alyda,Concha,Alyda.Concha@yopmail.com,worker,2.95728E+17
101,Deane,Clywd,Deane.Clywd@yopmail.com,firefighter,7.8988E+17
102,Tera,Dichy,Tera.Dichy@yopmail.com,police officer,8.62365E+17
103,,Nore,Eadie.Nore@yopmail.com,developer,2.54242E+17
104,,Rolf,Marguerite.Rolf@yopmail.com,firefighter,4.82008E+17
105,,Ulphia,Marjie.Ulphia@yopmail.com,developer,8.31373E+17
106,,Salchunas,Aryn.Salchunas@yopmail.com,police officer,2.06785E+17
107,,Forrer,Wendi.Forrer@yopmail.com,worker,8.29879E+17
108,Marguerite,Colyer,Marguerite.Colyer@yopmail.com,police officer,2.66258E+17
109,Jenilee,Gaynor,Jenilee.Gaynor@yopmail.com,doctor,4.38119E+17
110,Sue,Magdalen,Sue.Magdalen@yopmail.com,worker,2.63208E+17
111,Demetris,Amand,Demetris.Amand@yopmail.com,worker,8.18457E+17
112,Hyacinthe,Carbo,,developer,4.27415E+17
113,Silvana,Odysseus,,worker,1.49366E+17
114,Teriann,Iiette,,developer,4.42113E+17
115,Etta,Grobe,,developer,4.58856E+17
116,Charlena,Lynn,Charlena.Lynn@yopmail.com,police officer,8.93273E+17
117,Fredericka,Abram,Fredericka.Abram@yopmail.com,police officer,3.78746E+17
118,Mallory,Marisa,Mallory.Marisa@yopmail.com,police officer,1.46538E+17
119,Ardys,Sharl,Ardys.Sharl@yopmail.com,doctor,4.92542E+17
120,Giustina,Maroney,Giustina.Maroney@yopmail.com,doctor,1.99153E+17
121,Charmaine,Ophelia,Charmaine.Ophelia@yopmail.com,firefighter,9.55586E+16
122,Claudina,Ezar,Claudina.Ezar@yopmail.com,developer,4.94491E+17
123,Fina,Nikaniki,Fina.Nikaniki@yopmail.com,developer,8.3792E+17
124,Ardenia,Alva,Ardenia.Alva@yopmail.com,police officer,1.07338E+17
125,Jacenta,Durante,Jacenta.Durante@yopmail.com,worker,3.90732E+17
126,Shirlee,Drus,Shirlee.Drus@yopmail.com,worker,8.70584E+17
127,Kimberley,Tybald,Kimberley.Tybald@yopmail.com,worker,4.35614E+17
128,Carmencita,Prober,Carmencita.Prober@yopmail.com,worker,7.03556E+17
129,Arlina,Tarrant,Arlina.Tarrant@yopmail.com,developer,8.64098E+17
130,Angela,Aida,Angela.Aida@yopmail.com,doctor,8.39088E+17
131,Ursulina,Valoniah,Ursulina.Valoniah@yopmail.com,worker,6.33627E+17
132,Arlina,Ilka,Arlina.Ilka@yopmail.com,firefighter,1.36541E+17
133,Monika,Hartnett,Monika.Hartnett@yopmail.com,firefighter,6.50147E+17
134,Dyann,Natalia,Dyann.Natalia@yopmail.com,worker,2.14853E+17
135,Donetta,Candy,Donetta.Candy@yopmail.com,worker,5.57661E+17
136,Emmey,Madaih,Emmey.Madaih@yopmail.com,worker,2.59291E+17
137,Aimil,Atcliffe,Aimil.Atcliffe@yopmail.com,firefighter,5.16424E+17
138,Rhea,Bronk,Rhea.Bronk@yopmail.com,firefighter,7.95555E+17
139,Lindie,Elisha,Lindie.Elisha@yopmail.com,doctor,7.18789E+17
140,Tierney,Bultman,Tierney.Bultman@yopmail.com,doctor,6.79043E+17
141,Di,Girardo,Di.Girardo@yopmail.com,doctor,4.34145E+17
142,Laurene,Erich,Laurene.Erich@yopmail.com,firefighter,4.96916E+17
143,Debee,Colleen,Debee.Colleen@yopmail.com,doctor,2.72248E+17
144,Elmira,Alisia,Elmira.Alisia@yopmail.com,firefighter,3.7331E+17
145,Tina,Mott,Tina.Mott@yopmail.com,firefighter,8.5724E+17
146,Jenilee,Kinnard,Jenilee.Kinnard@yopmail.com,doctor,7.41239E+17
147,Jeanna,Leffen,Jeanna.Leffen@yopmail.com,developer,3.25675E+17
148,Tersina,Sparhawk,Tersina.Sparhawk@yopmail.com,police officer,5.42661E+17
149,Lexine,Kress,Lexine.Kress@yopmail.com,developer,2.93373E+17
150,Gerrie,Gale,Gerrie.Gale@yopmail.com,developer,3.77902E+17
151,Rochette,Nerita,Rochette.Nerita@yopmail.com,police officer,3.17264E+17
152,Gabriellia,Richers,Gabriellia.Richers@yopmail.com,developer,3.84409E+17
153,Perry,Prober,Perry.Prober@yopmail.com,worker,1.37673E+17
154,Beth,Chick,Beth.Chick@yopmail.com,firefighter,6.10489E+17
155,Verla,Grobe,Verla.Grobe@yopmail.com,police officer,4.73462E+17
156,Aeriela,Hoban,Aeriela.Hoban@yopmail.com,firefighter,2.20896E+17
157,Lita,Israeli,Lita.Israeli@yopmail.com,developer,1.86025E+17
158,Marguerite,Fink,Marguerite.Fink@yopmail.com,firefighter,6.46617E+17
159,Wileen,Infield,Wileen.Infield@yopmail.com,police officer,2.71724E+17
160,Fernande,Longfellow,Fernande.Longfellow@yopmail.com,doctor,4.93197E+17
161,Averyl,Doig,Averyl.Doig@yopmail.com,worker,3.30247E+17
162,Vivia,Natica,Vivia.Natica@yopmail.com,developer,2.07485E+17
163,Sonni,Ricki,Sonni.Ricki@yopmail.com,worker,1.21137E+17
164,Ottilie,Ochs,Ottilie.Ochs@yopmail.com,firefighter,1.18383E+17
165,Heddie,Hollingsworth,Heddie.Hollingsworth@yopmail.com,police officer,3.68057E+17
166,Mary,Ursulette,Mary.Ursulette@yopmail.com,developer,2.68138E+17
167,Danny,Cullin,Danny.Cullin@yopmail.com,firefighter,3.09553E+17
168,Agnese,Shaver,Agnese.Shaver@yopmail.com,developer,2.22012E+17
169,Larine,Clie,Larine.Clie@yopmail.com,worker,6.75517E+17
170,Evita,Richers,Evita.Richers@yopmail.com,developer,1.82274E+17
171,Fanny,Ricarda,Fanny.Ricarda@yopmail.com,worker,4.66398E+17
172,Letizia,Hieronymus,Letizia.Hieronymus@yopmail.com,firefighter,6.46867E+17
173,Lynea,Danby,Lynea.Danby@yopmail.com,worker,8.67054E+17
174,Ada,Vale,Ada.Vale@yopmail.com,doctor,5.16935E+17
175,Zondra,Kussell,Zondra.Kussell@yopmail.com,police officer,5.541E+17
176,Georgina,Quinn,Georgina.Quinn@yopmail.com,doctor,1.67978E+17
177,Pamella,Socha,Pamella.Socha@yopmail.com,worker,1.45355E+17
178,Brena,Zamora,Brena.Zamora@yopmail.com,developer,2.76102E+17
179,Jillayne,Himelman,Jillayne.Himelman@yopmail.com,worker,4.07785E+17
180,Elise,Santoro,Elise.Santoro@yopmail.com,police officer,6.6376E+17
181,Katharina,Camden,Katharina.Camden@yopmail.com,developer,8.39126E+17
182,Lorne,Joni,Lorne.Joni@yopmail.com,developer,1.23634E+17
183,Modestia,Percy,Modestia.Percy@yopmail.com,worker,1.43072E+17
184,Leanna,Kannry,Leanna.Kannry@yopmail.com,doctor,8.13681E+17
185,Anallese,Nahum,Anallese.Nahum@yopmail.com,firefighter,8.50989E+17
186,Alyda,Dielu,Alyda.Dielu@yopmail.com,firefighter,2.05681E+17
187,Linzy,Ball,Linzy.Ball@yopmail.com,doctor,8.80885E+17
188,Lory,Duwalt,Lory.Duwalt@yopmail.com,police officer,6.72586E+17
189,Brena,Ledah,Brena.Ledah@yopmail.com,firefighter,1.93139E+17
190,Harrietta,Konyn,Harrietta.Konyn@yopmail.com,firefighter,2.71135E+17
191,Phedra,Capello,Phedra.Capello@yopmail.com,firefighter,1.13156E+17
192,Aili,Burkle,Aili.Burkle@yopmail.com,developer,3.27524E+17
193,Alejandra,Anyah,Alejandra.Anyah@yopmail.com,developer,5.24391E+17
194,Nyssa,Raffo,Nyssa.Raffo@yopmail.com,firefighter,4.51711E+17
195,Dianemarie,Stuart,Dianemarie.Stuart@yopmail.com,firefighter,7.26472E+17
196,Annecorinne,Kalinda,Annecorinne.Kalinda@yopmail.com,worker,4.90491E+17
197,Yolane,Sprage,Yolane.Sprage@yopmail.com,worker,7.05712E+17
198,Darlleen,Solitta,Darlleen.Solitta@yopmail.com,developer,7.97421E+17
199,Sara-Ann,Clie,Sara-Ann.Clie@yopmail.com,doctor,2.42482E+17
200,Goldie,Wittie,Goldie.Wittie@yopmail.com,firefighter,3.46394E+17
201,Shaine,Lemuela,Shaine.Lemuela@yopmail.com,firefighter,4.8303E+17
202,Fawne,Orpah,Fawne.Orpah@yopmail.com,firefighter,7.85924E+17
203,Jerry,Lindemann,Jerry.Lindemann@yopmail.com,worker,3.59773E+17
204,Frieda,Sundin,Frieda.Sundin@yopmail.com,developer,6.74087E+17
205,Kenna,Florina,Kenna.Florina@yopmail.com,police officer,6.07722E+17
206,Leontine,Arne,Leontine.Arne@yopmail.com,worker,5.77638E+17
207,Clarice,Poppy,Clarice.Poppy@yopmail.com,firefighter,2.9282E+17
208,Almeta,Gunn,Almeta.Gunn@yopmail.com,worker,9.88075E+16
209,Celene,Ivens,Celene.Ivens@yopmail.com,worker,7.47276E+17
210,Micheline,Flita,Micheline.Flita@yopmail.com,police officer,5.49787E+17
211,Hermione,Grosz,Hermione.Grosz@yopmail.com,police officer,4.57242E+17
212,Alyssa,Blisse,Alyssa.Blisse@yopmail.com,firefighter,3.23907E+17
213,Lizzie,Revkah,Lizzie.Revkah@yopmail.com,firefighter,4.97811E+17
214,Jerry,Ogren,Jerry.Ogren@yopmail.com,worker,6.35834E+17
215,Kara-Lynn,Therine,Kara-Lynn.Therine@yopmail.com,developer,6.17502E+17
216,Neila,Winthorpe,Neila.Winthorpe@yopmail.com,worker,1.43101E+17
217,Ayn,Lory,Ayn.Lory@yopmail.com,firefighter,4.23229E+17
218,Justinn,Trace,Justinn.Trace@yopmail.com,developer,5.8983E+17
219,Lorenza,Philoo,Lorenza.Philoo@yopmail.com,developer,3.25902E+17
220,Leia,Plato,Leia.Plato@yopmail.com,police officer,2.00494E+17
221,Cissiee,Shanley,Cissiee.Shanley@yopmail.com,police officer,6.4965E+17
222,Lily,Krystle,Lily.Krystle@yopmail.com,police officer,7.30846E+17
223,Sherrie,Huggins,Sherrie.Huggins@yopmail.com,developer,7.80719E+17
224,Chastity,Madelene,Chastity.Madelene@yopmail.com,developer,8.10533E+17
225,Amara,Hermes,Amara.Hermes@yopmail.com,developer,7.17922E+17
226,Lelah,Geffner,Lelah.Geffner@yopmail.com,developer,8.88624E+17
227,Miquela,Joseph,Miquela.Joseph@yopmail.com,police officer,7.9034E+17
228,Gratia,Therine,Gratia.Therine@yopmail.com,firefighter,5.5027E+17
229,Demetris,Cecile,Demetris.Cecile@yopmail.com,police officer,2.84019E+17
230,Melodie,Allys,Melodie.Allys@yopmail.com,police officer,1.07643E+17
231,Brietta,Maiah,Brietta.Maiah@yopmail.com,worker,7.84854E+17
232,Ebonee,Bord,Ebonee.Bord@yopmail.com,worker,6.58863E+17
233,Mariele,Hillel,Mariele.Hillel@yopmail.com,doctor,1.57894E+17
234,Gianina,Lesley,Gianina.Lesley@yopmail.com,firefighter,5.52025E+17
235,Emelina,Celestine,Emelina.Celestine@yopmail.com,developer,1.26873E+17
236,Ebonee,Durware,Ebonee.Durware@yopmail.com,developer,7.61205E+17
237,Nyssa,Drisko,Nyssa.Drisko@yopmail.com,developer,2.39777E+17
238,Georgina,Moina,Georgina.Moina@yopmail.com,doctor,5.80511E+17
239,Minne,Raseda,Minne.Raseda@yopmail.com,doctor,6.22439E+17
240,Danny,Georgy,Danny.Georgy@yopmail.com,worker,3.13864E+17
241,Roseline,Armanda,Roseline.Armanda@yopmail.com,worker,1.80164E+17
242,Zondra,Mandler,Zondra.Mandler@yopmail.com,developer,2.35769E+17
243,Nanete,Lunsford,Nanete.Lunsford@yopmail.com,developer,8.16284E+17
244,Queenie,Tremayne,Queenie.Tremayne@yopmail.com,firefighter,7.59729E+17
245,Tera,Felizio,Tera.Felizio@yopmail.com,worker,8.0652E+17
246,Susan,Colbert,Susan.Colbert@yopmail.com,developer,5.77235E+17
247,Trudie,Rolf,Trudie.Rolf@yopmail.com,worker,2.09867E+17
248,Juliane,Arley,Juliane.Arley@yopmail.com,doctor,5.2816E+17
249,Madelle,Jerold,Madelle.Jerold@yopmail.com,doctor,3.72799E+17
250,Ofilia,Payson,Ofilia.Payson@yopmail.com,worker,3.73553E+17
251,Lauryn,Palocz,Lauryn.Palocz@yopmail.com,developer,5.46563E+17
252,Maurene,Lowry,Maurene.Lowry@yopmail.com,police officer,9.5333E+16
253,Suzette,Merriott,Suzette.Merriott@yopmail.com,police officer,6.58274E+17
254,Rubie,Erminia,Rubie.Erminia@yopmail.com,worker,4.71295E+17
255,Shell,Claudine,Shell.Claudine@yopmail.com,firefighter,1.28826E+17
256,Mildrid,Reneta,Mildrid.Reneta@yopmail.com,developer,5.42953E+17
257,Jsandye,Tengdin,Jsandye.Tengdin@yopmail.com,worker,6.5078E+17
258,Dulce,Loring,Dulce.Loring@yopmail.com,worker,3.00419E+17
259,Henriette,Velick,Henriette.Velick@yopmail.com,firefighter,1.66656E+17
260,Delilah,Kirbee,Delilah.Kirbee@yopmail.com,doctor,5.36012E+17
261,Kathi,Kendrick,Kathi.Kendrick@yopmail.com,police officer,5.43767E+17
262,Chastity,Boehike,Chastity.Boehike@yopmail.com,police officer,4.32009E+17
263,Kial,Fry,Kial.Fry@yopmail.com,doctor,8.51112E+17
264,Talya,Kelula,Talya.Kelula@yopmail.com,doctor,2.98343E+17
265,Laurene,Colbert,Laurene.Colbert@yopmail.com,doctor,7.47441E+17
266,Vanessa,Hachmin,Vanessa.Hachmin@yopmail.com,worker,5.05359E+17
267,Tybie,Auberbach,Tybie.Auberbach@yopmail.com,developer,7.69033E+17
268,Gratia,Belldas,Gratia.Belldas@yopmail.com,doctor,8.47006E+17
269,Charissa,Ciapas,Charissa.Ciapas@yopmail.com,developer,7.30568E+17
270,Norine,Azeria,Norine.Azeria@yopmail.com,worker,4.60054E+17
271,Phylis,Vanni,Phylis.Vanni@yopmail.com,developer,8.90523E+17
272,Melina,Malvino,Melina.Malvino@yopmail.com,worker,6.5325E+17
273,Chrystel,Tippets,Chrystel.Tippets@yopmail.com,developer,1.84621E+17
274,Susette,Nadia,Susette.Nadia@yopmail.com,developer,5.86128E+17
275,Anallese,Sekofski,Anallese.Sekofski@yopmail.com,police officer,6.15143E+17
276,Elise,Sibyls,Elise.Sibyls@yopmail.com,firefighter,7.75962E+17
277,Frieda,Frendel,Frieda.Frendel@yopmail.com,firefighter,2.04371E+17
278,Sheree,Mike,Sheree.Mike@yopmail.com,worker,4.94313E+17
279,Joelly,Fancie,Joelly.Fancie@yopmail.com,worker,8.80147E+17
280,Aigneis,Eckblad,Aigneis.Eckblad@yopmail.com,doctor,3.30715E+17
281,Janis,Saunderson,Janis.Saunderson@yopmail.com,police officer,5.45506E+17
282,Laure,Candy,Laure.Candy@yopmail.com,worker,3.3914E+17
283,Brana,Fabiola,Brana.Fabiola@yopmail.com,worker,5.76879E+17
284,Averyl,Kravits,Averyl.Kravits@yopmail.com,firefighter,7.75283E+17
285,Deloria,Ehrman,Deloria.Ehrman@yopmail.com,doctor,5.56005E+17
286,Almeta,Elo,Almeta.Elo@yopmail.com,doctor,1.24511E+17
287,Meriel,Georas,Meriel.Georas@yopmail.com,worker,7.69779E+17
288,Candy,Zachary,Candy.Zachary@yopmail.com,firefighter,1.88659E+17
289,Carolina,Isidore,Carolina.Isidore@yopmail.com,developer,4.00456E+17
290,Teddie,Winnick,Teddie.Winnick@yopmail.com,firefighter,3.77121E+17
291,Randa,Bertold,Randa.Bertold@yopmail.com,developer,1.54592E+17
292,Jolyn,Muriel,Jolyn.Muriel@yopmail.com,developer,6.38652E+17
293,Karolina,Japeth,Karolina.Japeth@yopmail.com,firefighter,8.45828E+17
294,Cassandra,Adamsen,Cassandra.Adamsen@yopmail.com,developer,2.84391E+17
295,Lucille,Bertold,Lucille.Bertold@yopmail.com,worker,3.71356E+17
296,Roz,Pelagias,Roz.Pelagias@yopmail.com,developer,3.98126E+17
297,Jessamyn,Claudine,Jessamyn.Claudine@yopmail.com,doctor,6.62186E+17
298,Allis,Westphal,Allis.Westphal@yopmail.com,worker,3.15851E+17
299,Kelly,Bobbee,Kelly.Bobbee@yopmail.com,worker,7.7119E+17
300,Belinda,Maroney,Belinda.Maroney@yopmail.com,doctor,3.61379E+17
301,Gabi,Suanne,Gabi.Suanne@yopmail.com,developer,3.94097E+17
302,Cassandra,Rolf,Cassandra.Rolf@yopmail.com,doctor,2.50719E+17
303,Merle,Riordan,Merle.Riordan@yopmail.com,worker,4.63642E+17
304,Kirstin,Etom,Kirstin.Etom@yopmail.com,developer,4.93651E+17
305,Valli,Laurianne,Valli.Laurianne@yopmail.com,doctor,1.48548E+17
306,Meriel,Pernick,Meriel.Pernick@yopmail.com,worker,8.33609E+17
307,Fanchon,Dunkin,Fanchon.Dunkin@yopmail.com,developer,2.68161E+17
308,Ida,Sperling,Ida.Sperling@yopmail.com,developer,4.89254E+17
309,Ayn,Frodi,Ayn.Frodi@yopmail.com,developer,6.86846E+17
310,Maisey,Sheedy,Maisey.Sheedy@yopmail.com,worker,5.02237E+17
311,Basia,Stacy,Basia.Stacy@yopmail.com,police officer,4.22461E+17
312,Andree,Vanni,Andree.Vanni@yopmail.com,worker,7.00823E+17
313,Marjie,Edvard,Marjie.Edvard@yopmail.com,developer,6.49613E+17
314,Romona,Infield,Romona.Infield@yopmail.com,doctor,7.81542E+17
315,Tabbatha,Vivle,Tabbatha.Vivle@yopmail.com,doctor,7.91126E+17
316,Joeann,Adlare,Joeann.Adlare@yopmail.com,doctor,4.39575E+17
317,Peri,Cavan,Peri.Cavan@yopmail.com,doctor,3.83158E+17
318,Cyndie,Schalles,Cyndie.Schalles@yopmail.com,doctor,7.2298E+17
319,Claresta,Allare,Claresta.Allare@yopmail.com,doctor,2.64077E+17
320,Gwenneth,Orelee,Gwenneth.Orelee@yopmail.com,worker,3.31075E+17
321,Wanda,Weitman,Wanda.Weitman@yopmail.com,firefighter,8.95243E+17
322,Clarice,Ursulette,Clarice.Ursulette@yopmail.com,police officer,4.14506E+17
323,Amalie,Raffo,Amalie.Raffo@yopmail.com,firefighter,6.39566E+17
324,Alyda,Garrison,Alyda.Garrison@yopmail.com,developer,1.67906E+17
325,Karina,Atcliffe,Karina.Atcliffe@yopmail.com,doctor,3.69224E+17
326,Kristan,Vacuva,Kristan.Vacuva@yopmail.com,worker,1.06897E+17
327,Ayn,Vittoria,Ayn.Vittoria@yopmail.com,doctor,7.73542E+17
328,Dale,Artie,Dale.Artie@yopmail.com,doctor,6.10734E+17
329,Kayla,Eliathas,Kayla.Eliathas@yopmail.com,doctor,7.85526E+17
330,Glenda,Codding,Glenda.Codding@yopmail.com,worker,2.21043E+17
331,Jenilee,Rhu,Jenilee.Rhu@yopmail.com,doctor,6.92641E+17
332,Atlanta,Darrell,Atlanta.Darrell@yopmail.com,developer,4.95498E+17
333,Trudie,Charity,Trudie.Charity@yopmail.com,police officer,1.24307E+17
334,Bobinette,Melan,Bobinette.Melan@yopmail.com,police officer,7.29887E+17
335,Rhoda,Lorain,Rhoda.Lorain@yopmail.com,firefighter,6.166E+17
336,Sherrie,Milde,Sherrie.Milde@yopmail.com,doctor,1.5579E+17
337,Sidoney,Leopold,Sidoney.Leopold@yopmail.com,worker,3.35719E+17
338,Nataline,Ralfston,Nataline.Ralfston@yopmail.com,doctor,4.78782E+17
339,Rani,Yoko,Rani.Yoko@yopmail.com,worker,2.39847E+17
340,Adele,Catie,Adele.Catie@yopmail.com,police officer,1.72039E+17
341,Jsandye,Mike,Jsandye.Mike@yopmail.com,doctor,6.16279E+17
342,Maryellen,Zenas,Maryellen.Zenas@yopmail.com,firefighter,1.47823E+17
343,Aubrie,Hachmin,Aubrie.Hachmin@yopmail.com,doctor,1.5707E+17
344,Hermione,Briney,Hermione.Briney@yopmail.com,firefighter,8.66356E+17
345,Fidelia,Ludewig,Fidelia.Ludewig@yopmail.com,developer,3.6089E+17
346,Danika,Armanda,Danika.Armanda@yopmail.com,doctor,3.43094E+17
347,Pierette,Evangelia,Pierette.Evangelia@yopmail.com,developer,4.43509E+17
348,Leeanne,Ventre,Leeanne.Ventre@yopmail.com,developer,1.34131E+17
349,Jorry,Arquit,Jorry.Arquit@yopmail.com,doctor,3.05293E+17
350,Florencia,Abernon,Florencia.Abernon@yopmail.com,worker,3.31812E+17
351,Caritta,Borrell,Caritta.Borrell@yopmail.com,police officer,2.14744E+17
352,Britni,Suk,Britni.Suk@yopmail.com,worker,1.01107E+17
353,Amara,Hebner,Amara.Hebner@yopmail.com,firefighter,8.24933E+17
354,Anthia,Cleo,Anthia.Cleo@yopmail.com,firefighter,7.96684E+17
355,Dyann,Ephrem,Dyann.Ephrem@yopmail.com,worker,8.65779E+17
356,Gusella,Tippets,Gusella.Tippets@yopmail.com,doctor,3.06043E+17
357,Hannis,Darbie,Hannis.Darbie@yopmail.com,worker,7.20439E+17
358,Sandie,Carleen,Sandie.Carleen@yopmail.com,police officer,2.04756E+17
359,Kathi,Ciro,Kathi.Ciro@yopmail.com,developer,3.40804E+17
360,Teddie,Guthrie,Teddie.Guthrie@yopmail.com,firefighter,2.91206E+17
361,Chandra,Colyer,Chandra.Colyer@yopmail.com,firefighter,1.27667E+17
362,Luci,Gombach,Luci.Gombach@yopmail.com,worker,7.0232E+17
363,Winifred,Azeria,Winifred.Azeria@yopmail.com,worker,4.87923E+17
364,Feliza,Riordan,Feliza.Riordan@yopmail.com,firefighter,5.61604E+17
365,Debee,Baudin,Debee.Baudin@yopmail.com,developer,1.28258E+17
366,Madalyn,Kellby,Madalyn.Kellby@yopmail.com,doctor,8.66824E+17
367,Shaylyn,Lacombe,Shaylyn.Lacombe@yopmail.com,developer,4.39174E+17
368,Mahalia,Brittani,Mahalia.Brittani@yopmail.com,developer,5.25047E+17
369,Emma,Si,Emma.Si@yopmail.com,firefighter,5.67861E+17
370,Oralee,Drisko,Oralee.Drisko@yopmail.com,firefighter,8.1568E+17
371,Magdalena,Gualtiero,Magdalena.Gualtiero@yopmail.com,firefighter,4.91063E+17
372,Asia,Maiah,Asia.Maiah@yopmail.com,doctor,2.21452E+17
373,Cacilie,Ashok,Cacilie.Ashok@yopmail.com,developer,7.4099E+17
374,Christian,Weide,Christian.Weide@yopmail.com,doctor,1.95436E+17
375,Tressa,Levey,Tressa.Levey@yopmail.com,developer,5.51348E+17
376,Lucy,Even,Lucy.Even@yopmail.com,developer,2.99442E+17
377,Genevra,Alrich,Genevra.Alrich@yopmail.com,firefighter,2.84334E+17
378,Phedra,Masao,Phedra.Masao@yopmail.com,police officer,7.48732E+17
379,Rosanne,Barney,Rosanne.Barney@yopmail.com,firefighter,5.23968E+17
380,Rhea,Brunell,Rhea.Brunell@yopmail.com,developer,4.25814E+17
381,Tera,Celestine,Tera.Celestine@yopmail.com,developer,3.72199E+17
382,Maye,Breed,Maye.Breed@yopmail.com,worker,9.09187E+16
383,Kara-Lynn,Torray,Kara-Lynn.Torray@yopmail.com,firefighter,5.77567E+17
384,Stevana,Fiann,Stevana.Fiann@yopmail.com,developer,6.57784E+17
385,Quintina,Nore,Quintina.Nore@yopmail.com,police officer,4.33904E+17
386,Katharina,Myrilla,Katharina.Myrilla@yopmail.com,police officer,6.52763E+17
387,Tabbatha,Fry,Tabbatha.Fry@yopmail.com,police officer,5.83582E+17
388,Gusty,Maryanne,Gusty.Maryanne@yopmail.com,firefighter,2.67969E+17
389,Cindelyn,Nisbet,Cindelyn.Nisbet@yopmail.com,firefighter,8.54952E+17
390,Sam,Nikaniki,Sam.Nikaniki@yopmail.com,police officer,4.8815E+17
391,Raf,Eugenia,Raf.Eugenia@yopmail.com,firefighter,8.19538E+17
392,Frieda,Honoria,Frieda.Honoria@yopmail.com,worker,2.51522E+17
393,Chrystel,Lowry,Chrystel.Lowry@yopmail.com,developer,5.4916E+17
394,Dotty,Peti,Dotty.Peti@yopmail.com,developer,7.67995E+17
395,Lucy,Odell,Lucy.Odell@yopmail.com,firefighter,6.32985E+17
396,Priscilla,Madox,Priscilla.Madox@yopmail.com,police officer,2.6362E+17
397,Sara-Ann,Gaulin,Sara-Ann.Gaulin@yopmail.com,police officer,4.14701E+17
398,Kial,Bury,Kial.Bury@yopmail.com,doctor,6.96371E+17
399,Starla,Heisel,Starla.Heisel@yopmail.com,doctor,1.32991E+17
400,Lilith,Iphlgenia,Lilith.Iphlgenia@yopmail.com,firefighter,2.8335E+17
401,Maisey,Montgomery,Maisey.Montgomery@yopmail.com,firefighter,6.74275E+17
402,Tonia,Ariella,Tonia.Ariella@yopmail.com,developer,7.94546E+17
403,Fredericka,Alejoa,Fredericka.Alejoa@yopmail.com,worker,3.71845E+17
404,Emylee,Robertson,Emylee.Robertson@yopmail.com,police officer,6.93917E+17
405,Adelle,Remmer,Adelle.Remmer@yopmail.com,worker,3.70527E+17
406,Ronna,Lowry,Ronna.Lowry@yopmail.com,firefighter,3.11383E+17
407,Oralee,Meli,Oralee.Meli@yopmail.com,developer,4.38498E+17
408,Kary,Tillford,Kary.Tillford@yopmail.com,worker,6.65455E+17
409,Correy,Graig,Correy.Graig@yopmail.com,police officer,3.10981E+17
410,Demetris,Danby,Demetris.Danby@yopmail.com,firefighter,2.03848E+17
411,June,Bettine,June.Bettine@yopmail.com,police officer,7.30837E+17
412,Delilah,Goddard,Delilah.Goddard@yopmail.com,developer,1.83942E+17
413,Emilia,Belanger,Emilia.Belanger@yopmail.com,firefighter,7.43454E+17
414,Marti,Stefa,Marti.Stefa@yopmail.com,doctor,6.21461E+17
415,Ezmeralda,Pond,Ezmeralda.Pond@yopmail.com,police officer,2.22115E+17
416,Lucy,Hachmin,Lucy.Hachmin@yopmail.com,doctor,8.5211E+17
417,Ruthe,Claudine,Ruthe.Claudine@yopmail.com,worker,6.61039E+17
418,Diena,Fredi,Diena.Fredi@yopmail.com,police officer,4.86231E+17
419,Donetta,Chandler,Donetta.Chandler@yopmail.com,doctor,5.80535E+17
420,Mariele,Willie,Mariele.Willie@yopmail.com,doctor,1.01529E+17
421,Adore,Amasa,Adore.Amasa@yopmail.com,developer,8.5486E+17
422,Vinita,Erlandson,Vinita.Erlandson@yopmail.com,police officer,8.73964E+17
423,Gwyneth,Destinee,Gwyneth.Destinee@yopmail.com,firefighter,2.7976E+17
424,Claresta,Luhe,Claresta.Luhe@yopmail.com,doctor,3.91431E+17
425,Andeee,Laurianne,Andeee.Laurianne@yopmail.com,firefighter,3.81279E+17
426,Gerianna,Ledah,Gerianna.Ledah@yopmail.com,developer,3.00202E+17
427,Julieta,Florina,Julieta.Florina@yopmail.com,police officer,8.84209E+17
428,Lila,Grimbly,Lila.Grimbly@yopmail.com,worker,6.18645E+17
429,Marika,Sisile,Marika.Sisile@yopmail.com,police officer,3.63988E+17
430,Celisse,Atonsah,Celisse.Atonsah@yopmail.com,worker,2.07409E+17
431,Belva,Vilma,Belva.Vilma@yopmail.com,firefighter,4.79812E+17
432,Deirdre,Frendel,Deirdre.Frendel@yopmail.com,doctor,4.05242E+17
433,Heida,Seagraves,Heida.Seagraves@yopmail.com,worker,1.82944E+17
434,Janenna,Girardo,Janenna.Girardo@yopmail.com,firefighter,4.62776E+17
435,Oralee,Haldas,Oralee.Haldas@yopmail.com,developer,1.44701E+17
436,Rori,Kamaria,Rori.Kamaria@yopmail.com,doctor,3.47057E+17
437,Sabina,Jena,Sabina.Jena@yopmail.com,developer,6.06927E+17
438,Collen,Lenny,Collen.Lenny@yopmail.com,doctor,1.07931E+17
439,Cindelyn,Deny,Cindelyn.Deny@yopmail.com,police officer,5.94022E+17
440,Ronna,Grosz,Ronna.Grosz@yopmail.com,developer,8.45211E+17
441,Ruthe,Kussell,Ruthe.Kussell@yopmail.com,police officer,4.53933E+17
442,Roz,Kosey,Roz.Kosey@yopmail.com,police officer,4.55377E+17
443,Ronna,McGrody,Ronna.McGrody@yopmail.com,worker,4.23831E+17
444,Teddie,Cherianne,Teddie.Cherianne@yopmail.com,developer,5.02012E+17
445,Kenna,Love,Kenna.Love@yopmail.com,doctor,7.30726E+17
446,Addia,Colp,Addia.Colp@yopmail.com,doctor,8.45131E+17
447,Paulita,Pettiford,Paulita.Pettiford@yopmail.com,firefighter,1.01826E+17
448,Briney,Dominy,Briney.Dominy@yopmail.com,doctor,7.19941E+17
449,Johna,Han,Johna.Han@yopmail.com,doctor,8.82043E+17
450,Ronna,Hashim,Ronna.Hashim@yopmail.com,worker,6.96894E+17
451,Shel,Tryck,Shel.Tryck@yopmail.com,firefighter,7.37638E+17
452,Stephanie,Flyn,Stephanie.Flyn@yopmail.com,developer,7.3809E+17
453,Rosaline,Ammann,Rosaline.Ammann@yopmail.com,police officer,2.50471E+17
454,Feliza,O'Neill,Feliza.O'Neill@yopmail.com,firefighter,2.43962E+17
455,Brietta,Raimondo,Brietta.Raimondo@yopmail.com,developer,1.98428E+17
456,Joceline,Wenda,Joceline.Wenda@yopmail.com,worker,5.96791E+17
457,Sandie,Linskey,Sandie.Linskey@yopmail.com,worker,3.12556E+17
458,Ashlee,Chabot,Ashlee.Chabot@yopmail.com,doctor,3.34549E+17
459,Nataline,Travax,Nataline.Travax@yopmail.com,police officer,5.85687E+17
460,Flory,Mayeda,Flory.Mayeda@yopmail.com,doctor,4.98979E+17
461,Bernie,Bebe,Bernie.Bebe@yopmail.com,developer,8.38859E+17
462,Tabbatha,Ferino,Tabbatha.Ferino@yopmail.com,police officer,4.68626E+17
463,Karena,Bobbee,Karena.Bobbee@yopmail.com,police officer,4.87361E+17
464,Ellette,Sigfrid,Ellette.Sigfrid@yopmail.com,worker,2.88145E+17
465,Liana,Jacqui,Liana.Jacqui@yopmail.com,firefighter,6.79592E+17
466,Beatriz,Dom,Beatriz.Dom@yopmail.com,firefighter,8.76312E+17
467,Lory,Shields,Lory.Shields@yopmail.com,developer,2.07924E+17
468,Ellette,Noam,Ellette.Noam@yopmail.com,firefighter,7.87162E+17
469,Kristan,My,Kristan.My@yopmail.com,police officer,6.9096E+17
470,Aaren,Izaak,Aaren.Izaak@yopmail.com,police officer,8.10329E+17
471,Korrie,Kunin,Korrie.Kunin@yopmail.com,firefighter,4.9407E+17
472,Celestyna,Ovid,Celestyna.Ovid@yopmail.com,developer,1.82749E+17
473,Renie,Sandye,Renie.Sandye@yopmail.com,police officer,8.76553E+17
474,Verla,Bouchard,Verla.Bouchard@yopmail.com,doctor,1.20473E+17
475,Liana,Greyson,Liana.Greyson@yopmail.com,developer,5.42434E+17
476,Diena,Belldas,Diena.Belldas@yopmail.com,doctor,2.58877E+17
477,Nananne,An,Nananne.An@yopmail.com,worker,4.34237E+17
478,Althea,Persse,Althea.Persse@yopmail.com,firefighter,5.35368E+17
479,Fina,Boycey,Fina.Boycey@yopmail.com,firefighter,7.21808E+17
480,Cordi,Dash,Cordi.Dash@yopmail.com,doctor,2.33502E+17
481,Audrie,Longfellow,Audrie.Longfellow@yopmail.com,police officer,7.64774E+17
482,Viki,Ferrell,Viki.Ferrell@yopmail.com,developer,2.19565E+17
483,Brandise,Yam,Brandise.Yam@yopmail.com,doctor,7.87898E+17
484,Tamqrah,Allys,Tamqrah.Allys@yopmail.com,police officer,7.07492E+17
485,Brandise,Monk,Brandise.Monk@yopmail.com,police officer,6.13165E+17
486,Catrina,Pierette,Catrina.Pierette@yopmail.com,firefighter,1.47108E+17
487,Pamella,Rozanna,Pamella.Rozanna@yopmail.com,worker,8.85753E+17
488,Tina,Evvie,Tina.Evvie@yopmail.com,police officer,4.69047E+17
489,Konstance,Strephon,Konstance.Strephon@yopmail.com,doctor,7.36273E+17
490,Clarice,Longfellow,Clarice.Longfellow@yopmail.com,developer,8.09091E+17
491,Trudie,Girardo,Trudie.Girardo@yopmail.com,worker,2.61453E+17
492,Giustina,Yoko,Giustina.Yoko@yopmail.com,doctor,2.21637E+17
493,Justinn,Hepsibah,Justinn.Hepsibah@yopmail.com,doctor,1.49667E+17
494,Mary,Mendez,Mary.Mendez@yopmail.com,police officer,7.81922E+17
495,Anestassia,Ietta,Anestassia.Ietta@yopmail.com,police officer,1.84426E+17
496,Nadine,Couture,Nadine.Couture@yopmail.com,developer,1.09751E+17
497,Lyssa,Sasnett,Lyssa.Sasnett@yopmail.com,developer,6.45869E+17
498,Bill,Lory,Bill.Lory@yopmail.com,developer,2.14289E+17
499,Merle,Zeeba,Merle.Zeeba@yopmail.com,doctor,2.478E+17
500,Odessa,Kenwood,Odessa.Kenwood@yopmail.com,police officer,2.31456E+17
501,Aili,Newell,Aili.Newell@yopmail.com,firefighter,5.25059E+17
502,Fanchon,Raychel,Fanchon.Raychel@yopmail.com,firefighter,3.67265E+17
503,Nonnah,Oscar,Nonnah.Oscar@yopmail.com,developer,8.69176E+17
504,Wileen,Trey,Wileen.Trey@yopmail.com,worker,8.66469E+17
505,Tori,Merriott,Tori.Merriott@yopmail.com,worker,7.88562E+17
506,Elmira,Wittie,Elmira.Wittie@yopmail.com,developer,4.74381E+17
507,Sarette,Payson,Sarette.Payson@yopmail.com,worker,6.38746E+17
508,Danny,Gaulin,Danny.Gaulin@yopmail.com,developer,4.55644E+17
509,Jaclyn,Bettine,Jaclyn.Bettine@yopmail.com,police officer,5.02716E+17
510,Meriel,Birdella,Meriel.Birdella@yopmail.com,developer,8.70454E+17
511,Gabi,Santoro,Gabi.Santoro@yopmail.com,developer,3.65773E+17
512,Modestia,Elo,Modestia.Elo@yopmail.com,firefighter,4.98643E+17
513,Joane,Ivens,Joane.Ivens@yopmail.com,developer,1.41379E+17
514,Ursulina,Thunell,Ursulina.Thunell@yopmail.com,police officer,8.96996E+17
515,Margette,Cadmar,Margette.Cadmar@yopmail.com,doctor,3.12049E+17
516,Marcy,Sherrie,Marcy.Sherrie@yopmail.com,police officer,6.83041E+17
517,Susan,Armanda,Susan.Armanda@yopmail.com,police officer,7.60894E+17
518,Tiffie,Libna,Tiffie.Libna@yopmail.com,doctor,1.74868E+17
519,Marita,Millda,Marita.Millda@yopmail.com,developer,7.53482E+17
520,Elora,Shuler,Elora.Shuler@yopmail.com,developer,7.20071E+17
521,Lenna,Buckler,Lenna.Buckler@yopmail.com,firefighter,3.58551E+17
522,Dulcinea,Paton,Dulcinea.Paton@yopmail.com,developer,2.38358E+17
523,Olivette,Alrich,Olivette.Alrich@yopmail.com,doctor,2.42314E+17
524,Robbi,Old,Robbi.Old@yopmail.com,doctor,4.24861E+17
525,Renae,Yate,Renae.Yate@yopmail.com,developer,5.07342E+17
526,Tilly,Raychel,Tilly.Raychel@yopmail.com,police officer,2.28073E+17
527,Wanda,Janene,Wanda.Janene@yopmail.com,police officer,2.12101E+17
528,Nariko,Stover,Nariko.Stover@yopmail.com,firefighter,5.55331E+17
529,Marsiella,Fosque,Marsiella.Fosque@yopmail.com,developer,5.13188E+17
530,Mildrid,Eckblad,Mildrid.Eckblad@yopmail.com,developer,8.17614E+17
531,Emilia,Zina,Emilia.Zina@yopmail.com,worker,3.24647E+17
532,Maryellen,Sawtelle,Maryellen.Sawtelle@yopmail.com,doctor,7.42025E+17
533,Ernesta,Fairweather,Ernesta.Fairweather@yopmail.com,developer,7.5329E+17
534,Madelle,Lanita,Madelle.Lanita@yopmail.com,police officer,3.8737E+17
535,Liana,Solitta,Liana.Solitta@yopmail.com,worker,8.51056E+17
536,Kary,Harday,Kary.Harday@yopmail.com,police officer,5.2063E+17
537,Aurore,Kat,Aurore.Kat@yopmail.com,worker,1.49972E+17
538,Ekaterina,Mintz,Ekaterina.Mintz@yopmail.com,developer,8.88383E+17
539,Flory,Hull,Flory.Hull@yopmail.com,firefighter,4.13673E+17
540,June,Lubin,June.Lubin@yopmail.com,firefighter,8.3877E+17
541,Elmira,Bakerman,Elmira.Bakerman@yopmail.com,worker,8.60093E+17
542,Teddie,Mitzi,Teddie.Mitzi@yopmail.com,developer,8.76625E+17
543,Lynea,Campball,Lynea.Campball@yopmail.com,firefighter,3.10157E+17
544,Zia,Poppy,Zia.Poppy@yopmail.com,firefighter,2.69827E+17
545,Sadie,Tatianas,Sadie.Tatianas@yopmail.com,worker,6.52344E+17
546,Alia,Girardo,Alia.Girardo@yopmail.com,firefighter,6.91576E+17
547,Taffy,Helve,Taffy.Helve@yopmail.com,firefighter,3.6535E+17
548,Annecorinne,Shanley,Annecorinne.Shanley@yopmail.com,firefighter,1.50073E+17
549,Nickie,Gavrila,Nickie.Gavrila@yopmail.com,firefighter,4.27246E+17
550,Gusty,Heidt,Gusty.Heidt@yopmail.com,developer,7.01799E+17
551,Sharlene,Llovera,Sharlene.Llovera@yopmail.com,developer,5.93157E+17
552,Merry,Pearse,Merry.Pearse@yopmail.com,police officer,8.57004E+17
553,Sallie,Ellord,Sallie.Ellord@yopmail.com,doctor,6.3735E+17
554,Adriana,Korey,Adriana.Korey@yopmail.com,police officer,3.93977E+17
555,Ivett,Leler,Ivett.Leler@yopmail.com,doctor,7.56E+17
556,Libbie,Amadas,Libbie.Amadas@yopmail.com,firefighter,4.18623E+17
557,Luci,Wilona,Luci.Wilona@yopmail.com,firefighter,3.49034E+17
558,Bobbi,Koziara,Bobbi.Koziara@yopmail.com,doctor,1.3167E+17
559,Kathy,Frendel,Kathy.Frendel@yopmail.com,worker,4.09592E+17
560,Jerry,Saint,Jerry.Saint@yopmail.com,worker,4.91492E+17
561,Dorothy,Infield,Dorothy.Infield@yopmail.com,firefighter,3.50283E+17
562,Candi,Katrine,Candi.Katrine@yopmail.com,worker,5.78346E+17
563,Daphne,Jacinda,Daphne.Jacinda@yopmail.com,police officer,7.39932E+17
564,Lulita,Marijo,Lulita.Marijo@yopmail.com,firefighter,6.66082E+17
565,Asia,Wind,Asia.Wind@yopmail.com,doctor,4.06532E+17
566,Justinn,Hartnett,Justinn.Hartnett@yopmail.com,doctor,7.43933E+17
567,Wendi,Birdella,Wendi.Birdella@yopmail.com,developer,8.31392E+17
568,Anallese,Payson,Anallese.Payson@yopmail.com,developer,6.03556E+17
569,Gretal,Beniamino,Gretal.Beniamino@yopmail.com,firefighter,1.70057E+17
570,Wynne,Goddard,Wynne.Goddard@yopmail.com,developer,4.4884E+17
571,Molli,Adrienne,Molli.Adrienne@yopmail.com,worker,5.30034E+17
572,Therine,Stav,Therine.Stav@yopmail.com,doctor,5.41942E+17
573,Marti,Percy,Marti.Percy@yopmail.com,police officer,8.08703E+17
574,Corene,Guthrie,Corene.Guthrie@yopmail.com,worker,5.89306E+17
575,Dulce,Casimir,Dulce.Casimir@yopmail.com,worker,5.82729E+17
576,Janeczka,Valerio,Janeczka.Valerio@yopmail.com,doctor,3.70874E+17
577,Julieta,Baylor,Julieta.Baylor@yopmail.com,police officer,7.32186E+17
578,Charlena,Carvey,Charlena.Carvey@yopmail.com,doctor,6.30881E+17
579,Amalie,Chandler,Amalie.Chandler@yopmail.com,developer,6.7576E+17
580,Darci,Nore,Darci.Nore@yopmail.com,police officer,2.20074E+17
581,Leeanne,Sinegold,Leeanne.Sinegold@yopmail.com,police officer,3.0352E+17
582,Livvyy,Greyson,Livvyy.Greyson@yopmail.com,developer,4.02844E+17
583,Sarette,Pond,Sarette.Pond@yopmail.com,police officer,5.55044E+17
584,Margalo,Kiyoshi,Margalo.Kiyoshi@yopmail.com,worker,4.02095E+17
585,Catharine,Kirbee,Catharine.Kirbee@yopmail.com,firefighter,3.01727E+17
586,Laure,Christine,Laure.Christine@yopmail.com,doctor,1.82115E+17
587,Millie,Ioab,Millie.Ioab@yopmail.com,doctor,6.9225E+17
588,Stevana,Evvie,Stevana.Evvie@yopmail.com,police officer,7.54874E+17
589,Sheelagh,Ochs,Sheelagh.Ochs@yopmail.com,worker,7.61788E+17
590,Gratia,Himelman,Gratia.Himelman@yopmail.com,doctor,8.66026E+17
591,Viviene,Hanshaw,Viviene.Hanshaw@yopmail.com,doctor,5.72963E+17
592,Marcy,Allina,Marcy.Allina@yopmail.com,worker,3.33411E+17
593,Lily,Edison,Lily.Edison@yopmail.com,developer,5.6464E+17
594,Belva,Maples,Belva.Maples@yopmail.com,developer,3.26437E+17
595,Lanae,Lauraine,Lanae.Lauraine@yopmail.com,worker,4.47858E+17
596,Ekaterina,Evangelia,Ekaterina.Evangelia@yopmail.com,doctor,3.68691E+17
597,Teriann,Toor,Teriann.Toor@yopmail.com,firefighter,1.50742E+17
598,Bernie,Erlandson,Bernie.Erlandson@yopmail.com,worker,6.8076E+17
599,Aurore,Solitta,Aurore.Solitta@yopmail.com,doctor,3.39932E+17
600,Tarra,Gherardo,Tarra.Gherardo@yopmail.com,police officer,7.76065E+17
601,Justinn,Tyson,Justinn.Tyson@yopmail.com,worker,7.86816E+17
602,Chickie,Madaih,Chickie.Madaih@yopmail.com,developer,5.05842E+17
603,Asia,Rodmann,Asia.Rodmann@yopmail.com,doctor,7.80392E+17
604,Yolane,Oster,Yolane.Oster@yopmail.com,firefighter,1.83044E+17
605,Carly,Gabrielli,Carly.Gabrielli@yopmail.com,developer,1.88647E+17
606,Flo,Jehu,Flo.Jehu@yopmail.com,doctor,6.57241E+17
607,Letizia,Tannie,Letizia.Tannie@yopmail.com,doctor,7.06591E+17
608,Laurene,Karylin,Laurene.Karylin@yopmail.com,worker,6.18736E+17
609,Sibella,Kussell,Sibella.Kussell@yopmail.com,police officer,6.60667E+17
610,Annice,Jalbert,Annice.Jalbert@yopmail.com,developer,7.94867E+17
611,Laurene,Travax,Laurene.Travax@yopmail.com,developer,7.66517E+17
612,Charmaine,Glovsky,Charmaine.Glovsky@yopmail.com,police officer,4.77299E+17
613,Delilah,Sharl,Delilah.Sharl@yopmail.com,developer,6.47463E+17
614,Bernie,Amadas,Bernie.Amadas@yopmail.com,firefighter,7.9843E+17
615,Kirbee,Docilla,Kirbee.Docilla@yopmail.com,firefighter,6.06399E+17
616,Mireielle,Baudin,Mireielle.Baudin@yopmail.com,firefighter,2.19153E+17
617,Dorice,Kalinda,Dorice.Kalinda@yopmail.com,doctor,3.31434E+17
618,Emma,Janith,Emma.Janith@yopmail.com,police officer,8.18474E+17
619,Lisette,Gert,Lisette.Gert@yopmail.com,firefighter,6.68789E+17
620,Eolanda,Gilbertson,Eolanda.Gilbertson@yopmail.com,worker,2.46933E+17
621,Leontine,Hurley,Leontine.Hurley@yopmail.com,doctor,3.26609E+17
622,Meg,Velick,Meg.Velick@yopmail.com,doctor,5.85529E+17
623,Cyndie,Ramona,Cyndie.Ramona@yopmail.com,developer,5.74029E+17
624,Alleen,Fontana,Alleen.Fontana@yopmail.com,firefighter,5.23598E+17
625,Valera,Deny,Valera.Deny@yopmail.com,firefighter,3.85877E+17
626,Lonnie,Brackely,Lonnie.Brackely@yopmail.com,worker,8.82367E+17
627,Caritta,Stoller,Caritta.Stoller@yopmail.com,worker,1.86609E+17
628,Addia,Angelis,Addia.Angelis@yopmail.com,developer,3.95651E+17
629,Wendi,Alabaster,Wendi.Alabaster@yopmail.com,doctor,3.92632E+17
630,Adele,Leonard,Adele.Leonard@yopmail.com,developer,4.74177E+17
631,Giustina,Seumas,Giustina.Seumas@yopmail.com,worker,4.47731E+17
632,Tori,Roxanna,Tori.Roxanna@yopmail.com,developer,4.38929E+17
633,Celisse,Ball,Celisse.Ball@yopmail.com,worker,5.11388E+17
634,Meg,Nedrud,Meg.Nedrud@yopmail.com,firefighter,7.89303E+17
635,Philis,August,Philis.August@yopmail.com,police officer,7.76064E+17
636,Estell,Tengdin,Estell.Tengdin@yopmail.com,worker,2.46569E+17
637,Eolanda,Clywd,Eolanda.Clywd@yopmail.com,developer,3.81452E+17
638,Carol-Jean,Crudden,Carol-Jean.Crudden@yopmail.com,firefighter,2.21635E+17
639,Bernardine,Autrey,Bernardine.Autrey@yopmail.com,firefighter,1.7074E+17
640,Lila,Kunin,Lila.Kunin@yopmail.com,police officer,6.34863E+17
641,Ardenia,Center,Ardenia.Center@yopmail.com,worker,1.01928E+17
642,Dagmar,Kenney,Dagmar.Kenney@yopmail.com,doctor,2.01086E+17
643,Tori,Radu,Tori.Radu@yopmail.com,police officer,8.40496E+17
644,Jeanna,Huggins,Jeanna.Huggins@yopmail.com,police officer,7.71685E+17
645,Nollie,Glenden,Nollie.Glenden@yopmail.com,firefighter,1.09523E+17
646,Imojean,Ogren,Imojean.Ogren@yopmail.com,doctor,9.07498E+16
647,Leia,Bohlin,Leia.Bohlin@yopmail.com,doctor,1.45344E+17
648,Blake,Ailyn,Blake.Ailyn@yopmail.com,doctor,5.3231E+17
649,Melisent,Sallyann,Melisent.Sallyann@yopmail.com,doctor,8.83396E+17
650,Sherrie,Ezar,Sherrie.Ezar@yopmail.com,police officer,5.74334E+17
651,Malina,Arvo,Malina.Arvo@yopmail.com,doctor,7.28392E+17
652,Ardenia,Luhe,Ardenia.Luhe@yopmail.com,firefighter,4.2324E+17
653,Olwen,Timon,Olwen.Timon@yopmail.com,police officer,4.88081E+17
654,Kelly,Wesle,Kelly.Wesle@yopmail.com,doctor,8.01575E+17
655,Dari,Amethist,Dari.Amethist@yopmail.com,worker,2.1851E+17
656,Carlie,Darbie,Carlie.Darbie@yopmail.com,worker,5.70401E+17
657,Joeann,Mozelle,Joeann.Mozelle@yopmail.com,firefighter,1.44668E+17
658,Esmeralda,Ralfston,Esmeralda.Ralfston@yopmail.com,police officer,7.41265E+17
659,Jaime,Afton,Jaime.Afton@yopmail.com,developer,6.95472E+17
660,Dyann,Charmine,Dyann.Charmine@yopmail.com,doctor,5.52495E+17
661,Marsiella,Beebe,Marsiella.Beebe@yopmail.com,police officer,1.02987E+17
662,Dede,Cottle,Dede.Cottle@yopmail.com,developer,6.19462E+17
663,Kellen,Strephon,Kellen.Strephon@yopmail.com,police officer,1.03766E+17
664,Ivett,Means,Ivett.Means@yopmail.com,worker,8.81736E+17
665,Deirdre,Toni,Deirdre.Toni@yopmail.com,police officer,7.47171E+17
666,Arlina,Sharl,Arlina.Sharl@yopmail.com,firefighter,5.68682E+17
667,Gertrud,Nedrud,Gertrud.Nedrud@yopmail.com,developer,2.29173E+17
668,Cathie,Sikorski,Cathie.Sikorski@yopmail.com,developer,1.239E+17
669,Theodora,Skurnik,Theodora.Skurnik@yopmail.com,developer,1.75076E+17
670,Consuela,Pond,Consuela.Pond@yopmail.com,doctor,7.39539E+17
671,Rochette,Schonfeld,Rochette.Schonfeld@yopmail.com,police officer,5.98755E+17
672,Karly,Abram,Karly.Abram@yopmail.com,police officer,3.68556E+17
673,Sam,Paine,Sam.Paine@yopmail.com,doctor,2.73337E+17
674,Aimil,Harriman,Aimil.Harriman@yopmail.com,worker,2.772E+17
675,Tilly,Romelda,Tilly.Romelda@yopmail.com,firefighter,8.79516E+17
676,Dolli,Kauppi,Dolli.Kauppi@yopmail.com,police officer,1.22854E+17
677,Phedra,Annabella,Phedra.Annabella@yopmail.com,doctor,8.39519E+17
678,Grier,Maxi,Grier.Maxi@yopmail.com,worker,2.19916E+17
679,Luci,Arley,Luci.Arley@yopmail.com,developer,7.67126E+17
680,Ulrike,Berard,Ulrike.Berard@yopmail.com,firefighter,4.37432E+17
681,Dode,Pearse,Dode.Pearse@yopmail.com,worker,8.88624E+17
682,Sheree,Wallis,Sheree.Wallis@yopmail.com,worker,7.73042E+17
683,Laurene,Lanita,Laurene.Lanita@yopmail.com,doctor,8.2108E+17
684,Amalie,Melleta,Amalie.Melleta@yopmail.com,police officer,5.80554E+17
685,Ulrike,Grimbly,Ulrike.Grimbly@yopmail.com,worker,2.91949E+17
686,Mellicent,Barney,Mellicent.Barney@yopmail.com,doctor,5.4136E+17
687,Jennica,Merell,Jennica.Merell@yopmail.com,developer,5.73693E+17
688,Joleen,Zrike,Joleen.Zrike@yopmail.com,worker,4.76573E+17
689,Gerianna,Billye,Gerianna.Billye@yopmail.com,police officer,1.32815E+17
690,Feliza,Maroney,Feliza.Maroney@yopmail.com,doctor,7.41079E+17
691,Dede,Roumell,Dede.Roumell@yopmail.com,police officer,4.13423E+17
692,Cathyleen,Dawkins,Cathyleen.Dawkins@yopmail.com,firefighter,7.49069E+17
693,Selia,Colbert,Selia.Colbert@yopmail.com,police officer,3.52142E+17
694,Nyssa,Mandler,Nyssa.Mandler@yopmail.com,firefighter,2.61997E+17
695,Kathi,Fairweather,Kathi.Fairweather@yopmail.com,developer,1.83837E+17
696,Bee,Screens,Bee.Screens@yopmail.com,firefighter,5.49001E+17
697,Cathie,Leifeste,Cathie.Leifeste@yopmail.com,worker,1.78992E+17
698,Nataline,Adamsen,Nataline.Adamsen@yopmail.com,worker,8.82156E+17
699,Alisha,Glovsky,Alisha.Glovsky@yopmail.com,police officer,8.92727E+17
700,Oona,Shaver,Oona.Shaver@yopmail.com,worker,7.51466E+17
701,Dorthy,Idelia,Dorthy.Idelia@yopmail.com,developer,7.36707E+17
702,Trixi,Natalia,Trixi.Natalia@yopmail.com,doctor,2.03248E+17
703,Nannie,Septima,Nannie.Septima@yopmail.com,developer,8.57061E+17
704,Cathie,Roscoe,Cathie.Roscoe@yopmail.com,police officer,8.1874E+17
705,Elyssa,Kiersten,Elyssa.Kiersten@yopmail.com,doctor,4.06192E+17
706,Cathyleen,Bennie,Cathyleen.Bennie@yopmail.com,developer,6.04748E+17
707,Grier,Shields,Grier.Shields@yopmail.com,doctor,5.38595E+17
708,Jerry,Juan,Jerry.Juan@yopmail.com,police officer,2.57784E+17
709,Lauryn,Michella,Lauryn.Michella@yopmail.com,doctor,6.9617E+17
710,Lily,Ursulette,Lily.Ursulette@yopmail.com,worker,1.40436E+17
711,Gertrud,Letsou,Gertrud.Letsou@yopmail.com,doctor,7.02072E+17
712,Bee,Wallis,Bee.Wallis@yopmail.com,developer,5.41352E+17
713,Daphne,Pattin,Daphne.Pattin@yopmail.com,doctor,8.49434E+17
714,Joelly,Gombach,Joelly.Gombach@yopmail.com,police officer,1.1331E+17
715,Constance,Pip,Constance.Pip@yopmail.com,firefighter,8.438E+17
716,Leona,Kirstin,Leona.Kirstin@yopmail.com,police officer,8.21143E+17
717,Ariela,Tiffa,Ariela.Tiffa@yopmail.com,firefighter,5.78752E+17
718,Dyann,Desai,Dyann.Desai@yopmail.com,firefighter,3.15433E+17
719,Dorthy,Astra,Dorthy.Astra@yopmail.com,worker,6.37789E+17
720,Gusella,Lia,Gusella.Lia@yopmail.com,developer,6.2768E+17
721,Amelia,Fancie,Amelia.Fancie@yopmail.com,doctor,7.49671E+17
722,Joeann,Durante,Joeann.Durante@yopmail.com,firefighter,2.67475E+17
723,Fawne,Klemperer,Fawne.Klemperer@yopmail.com,police officer,5.20502E+17
724,Phedra,Abram,Phedra.Abram@yopmail.com,firefighter,5.70248E+17
725,Cindelyn,Roarke,Cindelyn.Roarke@yopmail.com,developer,5.19379E+17
726,Doro,Merat,Doro.Merat@yopmail.com,developer,2.86916E+17
727,Beverley,Niles,Beverley.Niles@yopmail.com,doctor,1.62653E+17
728,Dorene,Diann,Dorene.Diann@yopmail.com,doctor,4.47981E+17
729,Kristan,Connelly,Kristan.Connelly@yopmail.com,developer,8.63835E+17
730,Berget,Madaih,Berget.Madaih@yopmail.com,firefighter,5.15459E+17
731,Jasmina,Kinnard,Jasmina.Kinnard@yopmail.com,firefighter,4.77758E+17
732,Jere,Cecile,Jere.Cecile@yopmail.com,worker,4.12455E+17
733,Esmeralda,Chinua,Esmeralda.Chinua@yopmail.com,firefighter,4.27826E+17
734,Dorice,Syd,Dorice.Syd@yopmail.com,developer,6.08559E+17
735,Fanny,Junie,Fanny.Junie@yopmail.com,worker,5.0052E+17
736,Cordi,Donell,Cordi.Donell@yopmail.com,police officer,8.16236E+17
737,Basia,Lail,Basia.Lail@yopmail.com,police officer,4.91686E+17
738,Beverley,Cohdwell,Beverley.Cohdwell@yopmail.com,firefighter,4.58178E+17
739,Chandra,Krystle,Chandra.Krystle@yopmail.com,doctor,2.77086E+17
740,Lolita,Geffner,Lolita.Geffner@yopmail.com,police officer,6.10332E+17
741,Annecorinne,Donell,Annecorinne.Donell@yopmail.com,developer,3.86035E+17
742,Nollie,Amethist,Nollie.Amethist@yopmail.com,police officer,3.1121E+17
743,Penelopa,Donell,Penelopa.Donell@yopmail.com,developer,5.87411E+17
744,Ezmeralda,Shields,Ezmeralda.Shields@yopmail.com,worker,7.68015E+17
745,Genevra,Sharl,Genevra.Sharl@yopmail.com,worker,2.24751E+17
746,Benita,Baudin,Benita.Baudin@yopmail.com,developer,6.38817E+17
747,Jean,Jena,Jean.Jena@yopmail.com,police officer,5.98727E+17
748,Beth,Gino,Beth.Gino@yopmail.com,police officer,3.94101E+17
749,Harmonia,Noam,Harmonia.Noam@yopmail.com,worker,3.3094E+17
750,Donnie,Faso,Donnie.Faso@yopmail.com,firefighter,2.86439E+17
751,Ericka,Gilbertson,Ericka.Gilbertson@yopmail.com,police officer,4.07775E+17
752,Grier,Alfons,Grier.Alfons@yopmail.com,firefighter,5.95868E+17
753,Vevay,Ellerey,Vevay.Ellerey@yopmail.com,police officer,4.20564E+17
754,Karlee,Westphal,Karlee.Westphal@yopmail.com,developer,5.93853E+17
755,Elyssa,Secrest,Elyssa.Secrest@yopmail.com,worker,2.74334E+17
756,Tani,Lanita,Tani.Lanita@yopmail.com,developer,5.41718E+17
757,Mildrid,Bevin,Mildrid.Bevin@yopmail.com,police officer,3.54237E+17
758,Gianina,Zeeba,Gianina.Zeeba@yopmail.com,doctor,1.87251E+17
759,Kerrin,Olin,Kerrin.Olin@yopmail.com,doctor,2.73194E+17
760,Flory,Liebermann,Flory.Liebermann@yopmail.com,developer,7.72407E+17
761,Tarra,Nore,Tarra.Nore@yopmail.com,doctor,8.41718E+17
762,Gui,Zetta,Gui.Zetta@yopmail.com,worker,3.15275E+17
763,Queenie,Keily,Queenie.Keily@yopmail.com,doctor,5.96824E+17
764,Trudie,Macey,Trudie.Macey@yopmail.com,police officer,5.34745E+17
765,Carly,Ummersen,Carly.Ummersen@yopmail.com,police officer,2.75845E+17
766,Dolli,Sadowski,Dolli.Sadowski@yopmail.com,doctor,2.29205E+17
767,Nananne,Mata,Nananne.Mata@yopmail.com,worker,2.95414E+17
768,Maryellen,Ciro,Maryellen.Ciro@yopmail.com,police officer,4.71477E+17
769,Katleen,Faro,Katleen.Faro@yopmail.com,doctor,8.13415E+17
770,Aaren,Alrich,Aaren.Alrich@yopmail.com,worker,5.73203E+17
771,Blondelle,Jehu,Blondelle.Jehu@yopmail.com,developer,4.19141E+17
772,Consuela,Zaslow,Consuela.Zaslow@yopmail.com,worker,6.65218E+17
773,Adriana,Hamil,Adriana.Hamil@yopmail.com,worker,7.84767E+17
774,Rubie,Emerson,Rubie.Emerson@yopmail.com,firefighter,8.81722E+17
775,Krystle,Whiffen,Krystle.Whiffen@yopmail.com,police officer,7.80229E+17
776,Sidoney,Marcellus,Sidoney.Marcellus@yopmail.com,developer,5.24094E+17
777,Sabina,Fabiola,Sabina.Fabiola@yopmail.com,firefighter,2.86654E+17
778,Shirlee,Mullane,Shirlee.Mullane@yopmail.com,developer,5.44663E+17
779,Phylis,Lunsford,Phylis.Lunsford@yopmail.com,firefighter,8.19756E+17
780,Sallie,Liva,Sallie.Liva@yopmail.com,doctor,4.69127E+17
781,Dulce,Gaal,Dulce.Gaal@yopmail.com,doctor,7.68582E+17
782,Etta,Hashim,Etta.Hashim@yopmail.com,worker,5.705E+17
783,Lynde,Horan,Lynde.Horan@yopmail.com,firefighter,8.77427E+17
784,Alejandra,Lutero,Alejandra.Lutero@yopmail.com,firefighter,4.14491E+17
785,Nerta,Corilla,Nerta.Corilla@yopmail.com,doctor,2.82817E+17
786,Claudina,Hillel,Claudina.Hillel@yopmail.com,firefighter,7.95362E+17
787,Lacie,Maribeth,Lacie.Maribeth@yopmail.com,worker,4.92379E+17
788,Adele,Gusella,Adele.Gusella@yopmail.com,firefighter,8.80522E+17
789,Britte,Ardra,Britte.Ardra@yopmail.com,firefighter,6.83974E+17
790,Dulcinea,Francene,Dulcinea.Francene@yopmail.com,developer,7.40817E+17
791,Danika,Salchunas,Danika.Salchunas@yopmail.com,doctor,2.42696E+17
792,Ruthe,Capello,Ruthe.Capello@yopmail.com,firefighter,1.88637E+17
793,Jinny,Wesle,Jinny.Wesle@yopmail.com,doctor,1.86974E+17
794,Ileana,Ambrosia,Ileana.Ambrosia@yopmail.com,doctor,7.66295E+17
795,Marylou,Tufts,Marylou.Tufts@yopmail.com,police officer,2.62988E+17
796,Corly,Constancy,Corly.Constancy@yopmail.com,worker,2.43004E+17
797,Hermione,Pandolfi,Hermione.Pandolfi@yopmail.com,firefighter,7.74498E+17
798,Binny,Diogenes,Binny.Diogenes@yopmail.com,police officer,4.67244E+17
799,Fredericka,Gregrory,Fredericka.Gregrory@yopmail.com,doctor,6.17567E+17
800,Alejandra,Irmine,Alejandra.Irmine@yopmail.com,worker,7.30461E+17
801,Lorie,Milson,Lorie.Milson@yopmail.com,developer,1.3113E+17
802,Grier,Jethro,Grier.Jethro@yopmail.com,developer,2.82719E+17
803,Ulrike,Christine,Ulrike.Christine@yopmail.com,police officer,7.26854E+17
804,Alyda,Mich,Alyda.Mich@yopmail.com,doctor,1.44903E+17
805,Andeee,Fennessy,Andeee.Fennessy@yopmail.com,police officer,5.51949E+17
806,Karlee,Markman,Karlee.Markman@yopmail.com,police officer,6.58923E+17
807,Clarice,Longfellow,Clarice.Longfellow@yopmail.com,police officer,6.14497E+17
808,Concettina,Himelman,Concettina.Himelman@yopmail.com,developer,5.43603E+17
809,Lorie,Saint,Lorie.Saint@yopmail.com,developer,3.08096E+17
810,Ginnie,Colleen,Ginnie.Colleen@yopmail.com,developer,8.62497E+17
811,Shannah,McAdams,Shannah.McAdams@yopmail.com,worker,3.58112E+17
812,Quintina,Reinke,Quintina.Reinke@yopmail.com,worker,6.92107E+17
813,Lenna,Cohdwell,Lenna.Cohdwell@yopmail.com,developer,1.32088E+17
814,Aimil,Noman,Aimil.Noman@yopmail.com,worker,8.67547E+17
815,Joy,Croix,Joy.Croix@yopmail.com,worker,6.59173E+17
816,Christal,Garbe,Christal.Garbe@yopmail.com,doctor,4.09741E+17
817,Noelle,Curren,Noelle.Curren@yopmail.com,doctor,5.17452E+17
818,Dagmar,Naor,Dagmar.Naor@yopmail.com,doctor,3.31017E+17
819,Aubrie,Natica,Aubrie.Natica@yopmail.com,police officer,4.89459E+17
820,Giustina,Oscar,Giustina.Oscar@yopmail.com,firefighter,1.08405E+17
821,Mara,Belanger,Mara.Belanger@yopmail.com,doctor,1.43154E+17
822,Myrtice,Sheng,Myrtice.Sheng@yopmail.com,doctor,5.19384E+17
823,Kathy,Kirbee,Kathy.Kirbee@yopmail.com,worker,4.78397E+17
824,Harmonia,Shields,Harmonia.Shields@yopmail.com,developer,4.99863E+17
825,Dagmar,Wallis,Dagmar.Wallis@yopmail.com,developer,5.88821E+17
826,Nita,Ciro,Nita.Ciro@yopmail.com,worker,8.06983E+17
827,Betta,Voletta,Betta.Voletta@yopmail.com,firefighter,5.92292E+17
828,Lorne,Ranjiv,Lorne.Ranjiv@yopmail.com,police officer,4.62548E+17
829,Etta,Tryck,Etta.Tryck@yopmail.com,police officer,4.48954E+17
830,Cassondra,Papageno,Cassondra.Papageno@yopmail.com,worker,8.45584E+17
831,Chickie,McGrody,Chickie.McGrody@yopmail.com,worker,5.2156E+17
832,Leeanne,Bebe,Leeanne.Bebe@yopmail.com,worker,1.24188E+17
833,Doralynne,Myrilla,Doralynne.Myrilla@yopmail.com,worker,5.09358E+17
834,Brena,Tryck,Brena.Tryck@yopmail.com,firefighter,3.53878E+17
835,Michaelina,Vastah,Michaelina.Vastah@yopmail.com,worker,6.77559E+17
836,Aeriela,Amadas,Aeriela.Amadas@yopmail.com,worker,6.01565E+17
837,Laure,Egbert,Laure.Egbert@yopmail.com,police officer,1.74E+17
838,Darlleen,Gualtiero,Darlleen.Gualtiero@yopmail.com,firefighter,2.4273E+17
839,Dorene,Allys,Dorene.Allys@yopmail.com,doctor,8.74536E+17
840,Fred,Westphal,Fred.Westphal@yopmail.com,firefighter,4.1331E+17
841,Katleen,Anton,Katleen.Anton@yopmail.com,firefighter,2.52675E+17
842,Sallie,Bury,Sallie.Bury@yopmail.com,police officer,2.91519E+17
843,Dacia,Rustice,Dacia.Rustice@yopmail.com,doctor,4.4844E+17
844,Jacenta,Adalbert,Jacenta.Adalbert@yopmail.com,developer,2.79073E+17
845,Tarra,LaRue,Tarra.LaRue@yopmail.com,developer,2.21031E+17
846,Lulita,Harriman,Lulita.Harriman@yopmail.com,firefighter,4.87966E+17
847,Rozele,Scammon,Rozele.Scammon@yopmail.com,police officer,6.69043E+17
848,Lilith,Ardeha,Lilith.Ardeha@yopmail.com,police officer,4.51572E+17
849,Gwenneth,Marijo,Gwenneth.Marijo@yopmail.com,firefighter,5.3416E+17
850,Jaclyn,Kussell,Jaclyn.Kussell@yopmail.com,worker,3.19799E+17
851,Paule,Herrera,Paule.Herrera@yopmail.com,worker,7.48297E+17
852,Gertrud,Audly,Gertrud.Audly@yopmail.com,firefighter,5.30528E+17
853,Merrie,Allys,Merrie.Allys@yopmail.com,developer,1.91458E+17
854,Shaine,Publia,Shaine.Publia@yopmail.com,developer,4.07491E+17
855,Amalie,Tillford,Amalie.Tillford@yopmail.com,doctor,7.29775E+17
856,Nannie,Richers,Nannie.Richers@yopmail.com,firefighter,2.97837E+17
857,Marti,Yusuk,Marti.Yusuk@yopmail.com,worker,4.63884E+17
858,Angelique,Bebe,Angelique.Bebe@yopmail.com,worker,8.04814E+17
859,Sissy,Toffic,Sissy.Toffic@yopmail.com,developer,7.62974E+17
860,Tonia,Ambrosia,Tonia.Ambrosia@yopmail.com,worker,4.4765E+17
861,Andree,Bury,Andree.Bury@yopmail.com,worker,8.77768E+17
862,Lisette,Fink,Lisette.Fink@yopmail.com,firefighter,2.96987E+17
863,Charmaine,Corrine,Charmaine.Corrine@yopmail.com,worker,3.96645E+17
864,Cherilyn,Angelis,Cherilyn.Angelis@yopmail.com,police officer,6.02768E+17
865,Chrystel,Gordon,Chrystel.Gordon@yopmail.com,developer,5.37954E+17
866,Leontine,Brunell,Leontine.Brunell@yopmail.com,firefighter,2.16881E+17
867,Sheelagh,Vale,Sheelagh.Vale@yopmail.com,developer,4.83555E+17
868,Modestia,Infield,Modestia.Infield@yopmail.com,police officer,5.27529E+17
869,Dorice,Stefa,Dorice.Stefa@yopmail.com,police officer,3.87153E+17
870,Netty,Fancie,Netty.Fancie@yopmail.com,firefighter,8.40929E+17
871,Linzy,Lanita,Linzy.Lanita@yopmail.com,police officer,8.35265E+17
872,Ardeen,Melony,Ardeen.Melony@yopmail.com,developer,2.14346E+17
873,Kimmy,Ursulette,Kimmy.Ursulette@yopmail.com,developer,5.66984E+17
874,Annaliese,Dorothy,Annaliese.Dorothy@yopmail.com,worker,6.55358E+17
875,Perry,Tiffa,Perry.Tiffa@yopmail.com,doctor,5.43149E+17
876,Vivia,Goth,Vivia.Goth@yopmail.com,worker,1.3575E+17
877,Delilah,Earlie,Delilah.Earlie@yopmail.com,developer,8.94392E+17
878,Chandra,Truc,Chandra.Truc@yopmail.com,developer,6.53558E+17
879,Brietta,Decato,Brietta.Decato@yopmail.com,police officer,3.45512E+17
880,Nanete,Desai,Nanete.Desai@yopmail.com,police officer,1.27138E+17
881,Wileen,Trinetta,Wileen.Trinetta@yopmail.com,doctor,7.43325E+17
882,Tatiania,Arne,Tatiania.Arne@yopmail.com,police officer,5.45663E+17
883,Aurelie,Bonilla,Aurelie.Bonilla@yopmail.com,developer,8.88321E+17
884,Marti,Shirberg,Marti.Shirberg@yopmail.com,developer,6.40056E+17
885,Andeee,Linskey,Andeee.Linskey@yopmail.com,doctor,3.57616E+17
886,Tabbatha,Wilona,Tabbatha.Wilona@yopmail.com,firefighter,2.12774E+17
887,Joceline,McAdams,Joceline.McAdams@yopmail.com,doctor,3.38171E+17
888,Julieta,Croix,Julieta.Croix@yopmail.com,worker,3.84068E+17
889,Bibby,Wu,Bibby.Wu@yopmail.com,doctor,2.90458E+17
890,Georgina,Bigner,Georgina.Bigner@yopmail.com,police officer,5.35302E+17
891,Florencia,Bobbee,Florencia.Bobbee@yopmail.com,doctor,8.88072E+17
892,Cassandra,Henebry,Cassandra.Henebry@yopmail.com,developer,3.03283E+17
893,Glynnis,Brackely,Glynnis.Brackely@yopmail.com,firefighter,1.9849E+17
894,Starla,Thilda,Starla.Thilda@yopmail.com,developer,7.30012E+17
895,Demetris,Codding,Demetris.Codding@yopmail.com,firefighter,4.34318E+17
896,Edyth,Brittani,Edyth.Brittani@yopmail.com,worker,9.01689E+16
897,Ofilia,Anderea,Ofilia.Anderea@yopmail.com,developer,2.80617E+17
898,Corry,Alisia,Corry.Alisia@yopmail.com,worker,2.08025E+17
899,Tressa,Hachmin,Tressa.Hachmin@yopmail.com,developer,6.05354E+17
900,Jeanna,Sekofski,Jeanna.Sekofski@yopmail.com,police officer,9.60622E+16
901,Celestyna,Buttaro,Celestyna.Buttaro@yopmail.com,doctor,4.75292E+17
902,Chrystel,Morrill,Chrystel.Morrill@yopmail.com,firefighter,8.46126E+17
903,Rori,Thunell,Rori.Thunell@yopmail.com,doctor,2.65375E+17
904,Annice,Vins,Annice.Vins@yopmail.com,police officer,3.001E+17
905,Adriana,Leopold,Adriana.Leopold@yopmail.com,firefighter,8.48612E+17
906,Mariele,Tamar,Mariele.Tamar@yopmail.com,police officer,3.85841E+17
907,Maurene,Bethany,Maurene.Bethany@yopmail.com,police officer,1.31442E+17
908,Jobi,Nikaniki,Jobi.Nikaniki@yopmail.com,doctor,4.90881E+17
909,Beth,Frendel,Beth.Frendel@yopmail.com,worker,5.57624E+17
910,Ada,Candy,Ada.Candy@yopmail.com,developer,7.07827E+17
911,Zia,Bow,Zia.Bow@yopmail.com,doctor,3.05368E+17
912,Felice,Philipp,Felice.Philipp@yopmail.com,doctor,6.21861E+17
913,Sadie,Sundin,Sadie.Sundin@yopmail.com,firefighter,4.61666E+17
914,Alie,Peg,Alie.Peg@yopmail.com,doctor,2.33504E+17
915,Allyce,Izaak,Allyce.Izaak@yopmail.com,firefighter,3.91507E+17
916,Robbi,Susannah,Robbi.Susannah@yopmail.com,developer,4.44533E+17
917,Lusa,Regan,Lusa.Regan@yopmail.com,firefighter,7.04763E+17
918,Lyssa,Zamora,Lyssa.Zamora@yopmail.com,doctor,6.2647E+17
919,Karlee,Douglass,Karlee.Douglass@yopmail.com,police officer,8.2727E+17
920,Karena,Westphal,Karena.Westphal@yopmail.com,developer,6.00643E+17
921,Viki,Cosenza,Viki.Cosenza@yopmail.com,developer,2.96263E+17
922,Teddie,Corrine,Teddie.Corrine@yopmail.com,firefighter,8.69302E+17
923,Stephanie,Serilda,Stephanie.Serilda@yopmail.com,developer,2.59171E+17
924,Marsiella,Paine,Marsiella.Paine@yopmail.com,developer,2.12366E+17
925,Di,Alejoa,Di.Alejoa@yopmail.com,firefighter,1.71458E+17
926,Belva,Baylor,Belva.Baylor@yopmail.com,doctor,1.80793E+17
927,Livvyy,Jacqui,Livvyy.Jacqui@yopmail.com,police officer,7.24662E+17
928,Maud,Stoller,Maud.Stoller@yopmail.com,police officer,5.58452E+17
929,Amii,McCutcheon,Amii.McCutcheon@yopmail.com,worker,3.81426E+17
930,Pierette,Hanleigh,Pierette.Hanleigh@yopmail.com,worker,4.0812E+17
931,Vinita,Sophronia,Vinita.Sophronia@yopmail.com,developer,2.16472E+17
932,Lelah,Fleeta,Lelah.Fleeta@yopmail.com,worker,1.38355E+17
933,Celisse,Izaak,Celisse.Izaak@yopmail.com,firefighter,8.84058E+17
934,Jerry,Arquit,Jerry.Arquit@yopmail.com,doctor,1.54034E+17
935,Kylynn,Terencio,Kylynn.Terencio@yopmail.com,worker,4.23095E+17
936,Katuscha,Concha,Katuscha.Concha@yopmail.com,firefighter,7.44403E+17
937,Anestassia,Himelman,Anestassia.Himelman@yopmail.com,police officer,8.04977E+17
938,Mallory,Pauly,Mallory.Pauly@yopmail.com,doctor,7.81938E+17
939,Tobe,Rurik,Tobe.Rurik@yopmail.com,doctor,6.99183E+17
940,Ardeen,Hollingsworth,Ardeen.Hollingsworth@yopmail.com,doctor,1.16534E+17
941,Hettie,Kunin,Hettie.Kunin@yopmail.com,police officer,1.37846E+17
942,Thalia,Francyne,Thalia.Francyne@yopmail.com,developer,6.02938E+17
943,Jacenta,Barbey,Jacenta.Barbey@yopmail.com,doctor,8.99192E+17
944,Kary,Kathie,Kary.Kathie@yopmail.com,police officer,5.59298E+17
945,Donnie,Abbot,Donnie.Abbot@yopmail.com,police officer,5.27832E+17
946,Beverley,Tengdin,Beverley.Tengdin@yopmail.com,doctor,5.96489E+17
947,Noelle,Kalinda,Noelle.Kalinda@yopmail.com,doctor,7.69233E+17
948,Brynna,Chrystel,Brynna.Chrystel@yopmail.com,doctor,4.74764E+17
949,Corry,Poppy,Corry.Poppy@yopmail.com,doctor,2.37821E+17
950,Delilah,Dunkin,Delilah.Dunkin@yopmail.com,firefighter,2.5334E+17
951,Myrtice,Hylan,Myrtice.Hylan@yopmail.com,firefighter,1.40142E+17
952,Lenna,Dannye,Lenna.Dannye@yopmail.com,developer,2.63173E+17
953,Louella,Chauncey,Louella.Chauncey@yopmail.com,firefighter,7.75367E+17
954,Henriette,Solitta,Henriette.Solitta@yopmail.com,firefighter,5.84684E+17
955,Ashlee,Michella,Ashlee.Michella@yopmail.com,developer,2.64069E+17
956,Tonia,Raffo,Tonia.Raffo@yopmail.com,developer,5.12405E+17
957,Brandise,Dash,Brandise.Dash@yopmail.com,firefighter,2.75846E+17
958,Maud,Saint,Maud.Saint@yopmail.com,firefighter,5.08735E+17
959,Lorenza,Parette,Lorenza.Parette@yopmail.com,developer,4.44496E+17
960,Lynnea,Goode,Lynnea.Goode@yopmail.com,worker,5.45253E+17
961,Steffane,Kaja,Steffane.Kaja@yopmail.com,worker,2.93354E+17
962,Tierney,Melan,Tierney.Melan@yopmail.com,firefighter,2.91036E+17
963,Caritta,An,Caritta.An@yopmail.com,worker,7.62495E+17
964,Annabela,Jorgan,Annabela.Jorgan@yopmail.com,firefighter,4.49804E+17
965,Daryl,Holbrook,Daryl.Holbrook@yopmail.com,doctor,8.97209E+17
966,Fayre,Sophronia,Fayre.Sophronia@yopmail.com,police officer,5.34728E+17
967,Susette,Jagir,Susette.Jagir@yopmail.com,worker,6.99076E+17
968,Helena,Annabella,Helena.Annabella@yopmail.com,police officer,1.65782E+17
969,Susette,Esmaria,Susette.Esmaria@yopmail.com,doctor,8.41664E+17
970,Nananne,Levey,Nananne.Levey@yopmail.com,firefighter,3.26898E+17
971,Marnia,Francene,Marnia.Francene@yopmail.com,doctor,6.24663E+17
972,Gwenneth,Travax,Gwenneth.Travax@yopmail.com,worker,3.6781E+17
973,Kerrin,Slifka,Kerrin.Slifka@yopmail.com,doctor,8.4058E+17
974,Coral,Danby,Coral.Danby@yopmail.com,police officer,8.17037E+17
975,Consuela,Zina,Consuela.Zina@yopmail.com,police officer,5.69261E+17
976,Goldie,Wallis,Goldie.Wallis@yopmail.com,firefighter,3.63583E+17
977,Alisha,Holtz,Alisha.Holtz@yopmail.com,firefighter,2.41519E+17
978,Cassandra,Tarrant,Cassandra.Tarrant@yopmail.com,police officer,2.98156E+17
979,Jany,Raul,Jany.Raul@yopmail.com,firefighter,1.29779E+17
980,Jinny,Kendrick,Jinny.Kendrick@yopmail.com,police officer,3.39773E+17
981,Daphne,Dimitris,Daphne.Dimitris@yopmail.com,developer,5.21024E+17
982,Chastity,Thomasina,Chastity.Thomasina@yopmail.com,firefighter,6.15637E+17
983,Hope,Tufts,Hope.Tufts@yopmail.com,worker,3.35728E+17
984,Danny,Raama,Danny.Raama@yopmail.com,developer,6.94101E+17
985,Lulita,Naor,Lulita.Naor@yopmail.com,worker,1.86712E+17
986,Eve,Stanwood,Eve.Stanwood@yopmail.com,worker,8.43034E+17
987,Paule,Catie,Paule.Catie@yopmail.com,police officer,7.19706E+17
988,Flory,Bonucci,Flory.Bonucci@yopmail.com,doctor,6.34994E+17
989,Shauna,Jehu,Shauna.Jehu@yopmail.com,developer,4.59801E+17
990,Sam,Noam,Sam.Noam@yopmail.com,developer,6.4432E+17
991,Margalo,Allina,Margalo.Allina@yopmail.com,police officer,2.457E+17
992,Adore,Himelman,Adore.Himelman@yopmail.com,doctor,6.11865E+17
993,Fayre,Pillsbury,Fayre.Pillsbury@yopmail.com,developer,5.8722E+17
994,Steffane,Penelopa,Steffane.Penelopa@yopmail.com,firefighter,6.55488E+17
995,Louella,Rozanna,Louella.Rozanna@yopmail.com,developer,6.89821E+17
996,Louella,Havens,Louella.Havens@yopmail.com,firefighter,4.73878E+17
997,Roslyn,Marisa,Roslyn.Marisa@yopmail.com,worker,1.19176E+17
998,Elena,Thema,Elena.Thema@yopmail.com,developer,5.44781E+17
999,Gavrielle,Monk,Gavrielle.Monk@yopmail.com,developer,3.75479E+17
1000,Mamie,Wyn,Mamie.Wyn@yopmail.com,firefighter,4.65847E+17
1001,Julieta,Greyson,Julieta.Greyson@yopmail.com,firefighter,7.43109E+17
1002,Wanda,Edmund,Wanda.Edmund@yopmail.com,doctor,5.50461E+17
1003,Felice,Zetta,Felice.Zetta@yopmail.com,doctor,3.65019E+17
1004,Correy,Decato,Correy.Decato@yopmail.com,developer,7.89259E+17
1005,Elvira,Phi,Elvira.Phi@yopmail.com,firefighter,4.57418E+17
1006,Mariele,Maroney,Mariele.Maroney@yopmail.com,police officer,5.05495E+17
1007,Agathe,McNully,Agathe.McNully@yopmail.com,doctor,5.64381E+17
1008,Lanae,Justinn,Lanae.Justinn@yopmail.com,developer,2.012E+17
1009,Kaja,Herrera,Kaja.Herrera@yopmail.com,firefighter,6.26605E+17
1010,Winny,Hillel,Winny.Hillel@yopmail.com,developer,2.7873E+17
1011,Donetta,Wiener,Donetta.Wiener@yopmail.com,developer,5.99246E+17
1012,Ivett,Gaspard,Ivett.Gaspard@yopmail.com,police officer,6.74968E+17
1013,Roberta,Fadiman,Roberta.Fadiman@yopmail.com,worker,7.50256E+17
1014,Sadie,Kylander,Sadie.Kylander@yopmail.com,police officer,1.01166E+17
1015,Orsola,Phi,Orsola.Phi@yopmail.com,worker,6.37278E+17
1016,Ekaterina,Fillbert,Ekaterina.Fillbert@yopmail.com,police officer,7.24011E+17
1017,Nicoli,Magnolia,Nicoli.Magnolia@yopmail.com,developer,1.27201E+17
1018,Carmencita,Raseda,Carmencita.Raseda@yopmail.com,police officer,8.1561E+17
1019,Daphne,Jena,Daphne.Jena@yopmail.com,developer,8.22205E+17
1020,Judy,Ledah,Judy.Ledah@yopmail.com,firefighter,7.22409E+17
1021,Daryl,Dahlia,Daryl.Dahlia@yopmail.com,firefighter,2.61541E+17
1022,Anestassia,Chem,Anestassia.Chem@yopmail.com,firefighter,2.63598E+17
1023,Anica,Rugen,Anica.Rugen@yopmail.com,firefighter,7.92238E+17
1024,Marguerite,Obed,Marguerite.Obed@yopmail.com,police officer,8.3183E+17
1025,Gui,Kamaria,Gui.Kamaria@yopmail.com,police officer,5.42849E+17
1026,Gerrie,Lilas,Gerrie.Lilas@yopmail.com,firefighter,6.00409E+17
1027,Brianna,Neva,Brianna.Neva@yopmail.com,developer,5.30869E+17
1028,Hannis,Roche,Hannis.Roche@yopmail.com,developer,8.15084E+17
1029,Sheelagh,Jenness,Sheelagh.Jenness@yopmail.com,doctor,8.96716E+17
1030,Gerrie,Zachary,Gerrie.Zachary@yopmail.com,firefighter,1.12927E+17
1031,Randa,Infield,Randa.Infield@yopmail.com,firefighter,7.42386E+17
1032,Vinita,Pernick,Vinita.Pernick@yopmail.com,worker,7.18902E+17
1033,Orsola,Liebermann,Orsola.Liebermann@yopmail.com,developer,1.19858E+17
1034,Linet,Thornburg,Linet.Thornburg@yopmail.com,firefighter,6.31345E+17
1035,Viki,Gregrory,Viki.Gregrory@yopmail.com,developer,6.12416E+17
1036,Consuela,Old,Consuela.Old@yopmail.com,developer,3.60102E+17
1037,Shaylyn,Milde,Shaylyn.Milde@yopmail.com,worker,3.06947E+17
1038,Shandie,Goldina,Shandie.Goldina@yopmail.com,doctor,8.16187E+17
1039,Ivett,Gherardo,Ivett.Gherardo@yopmail.com,developer,3.59686E+17
1040,Andeee,Sasnett,Andeee.Sasnett@yopmail.com,firefighter,8.50146E+17
1041,Edee,Hoban,Edee.Hoban@yopmail.com,developer,7.56254E+17
1042,Cecile,Amasa,Cecile.Amasa@yopmail.com,doctor,5.91192E+17
1043,Jillayne,Erminia,Jillayne.Erminia@yopmail.com,doctor,7.6947E+17
1044,Dari,Shuler,Dari.Shuler@yopmail.com,worker,5.80583E+17
1045,Dennie,Andrel,Dennie.Andrel@yopmail.com,developer,2.08775E+17
1046,Nikki,Morrill,Nikki.Morrill@yopmail.com,developer,3.16516E+17
1047,Taffy,Cristi,Taffy.Cristi@yopmail.com,developer,3.90186E+17
1048,Meg,Magnolia,Meg.Magnolia@yopmail.com,worker,6.01406E+17
1049,Marleah,Rodmann,Marleah.Rodmann@yopmail.com,doctor,1.34284E+17
1050,Steffane,Kussell,Steffane.Kussell@yopmail.com,developer,3.33001E+17
1051,Kirbee,Hedve,Kirbee.Hedve@yopmail.com,firefighter,5.35848E+17
1052,Roz,Parsaye,Roz.Parsaye@yopmail.com,developer,4.70545E+17
1053,Nelle,Jeanne,Nelle.Jeanne@yopmail.com,doctor,9.52238E+16
1054,Ursulina,Kellby,Ursulina.Kellby@yopmail.com,police officer,5.71725E+17
1055,Jean,Noam,Jean.Noam@yopmail.com,police officer,4.28457E+17
1056,Quintina,Sibyls,Quintina.Sibyls@yopmail.com,worker,4.86054E+17
1057,Amara,Goddard,Amara.Goddard@yopmail.com,worker,5.57516E+17
1058,Janeczka,Kathie,Janeczka.Kathie@yopmail.com,firefighter,4.00733E+17
1059,Annaliese,Charity,Annaliese.Charity@yopmail.com,police officer,3.98432E+17
1060,Carree,Milson,Carree.Milson@yopmail.com,doctor,1.49084E+17
1061,Raquela,Ilka,Raquela.Ilka@yopmail.com,worker,7.0614E+17
1062,Phylis,Rhu,Phylis.Rhu@yopmail.com,doctor,5.42085E+17
1063,Kenna,Girardo,Kenna.Girardo@yopmail.com,police officer,7.80098E+17
1064,Madelle,Hoenack,Madelle.Hoenack@yopmail.com,worker,7.18351E+17
1065,Stacey,Winthorpe,Stacey.Winthorpe@yopmail.com,worker,3.41813E+17
1066,Chickie,Rubie,Chickie.Rubie@yopmail.com,worker,8.36079E+17
1067,Darlleen,Lilybelle,Darlleen.Lilybelle@yopmail.com,developer,4.92543E+17
1068,Diena,Havens,Diena.Havens@yopmail.com,police officer,7.32711E+17
1069,Yvonne,Afton,Yvonne.Afton@yopmail.com,developer,1.49774E+17
1070,Lynde,Ulphia,Lynde.Ulphia@yopmail.com,developer,7.41245E+17
1071,Yetty,Gibbeon,Yetty.Gibbeon@yopmail.com,doctor,3.85579E+17
1072,Cecile,Valoniah,Cecile.Valoniah@yopmail.com,doctor,4.02288E+17
1073,Di,Konyn,Di.Konyn@yopmail.com,doctor,1.60501E+17
1074,Mariele,Helve,Mariele.Helve@yopmail.com,doctor,1.36155E+17
1075,Lita,Rozanna,Lita.Rozanna@yopmail.com,worker,3.29048E+17
1076,Siana,Stilwell,Siana.Stilwell@yopmail.com,doctor,3.23732E+17
1077,Kassey,Ranjiv,Kassey.Ranjiv@yopmail.com,worker,5.95824E+17
1078,Marguerite,Atcliffe,Marguerite.Atcliffe@yopmail.com,police officer,3.51183E+17
1079,Renae,Garrison,Renae.Garrison@yopmail.com,worker,1.22364E+17
1080,Glenda,Mata,Glenda.Mata@yopmail.com,police officer,1.61711E+17
1081,Catrina,Roche,Catrina.Roche@yopmail.com,developer,6.81971E+17
1082,Lyssa,Felecia,Lyssa.Felecia@yopmail.com,firefighter,2.10673E+17
1083,Bibby,Kalinda,Bibby.Kalinda@yopmail.com,police officer,2.53178E+17
1084,Nita,Zetta,Nita.Zetta@yopmail.com,firefighter,5.14154E+17
1085,Tori,Ventre,Tori.Ventre@yopmail.com,firefighter,3.66025E+17
1086,Cissiee,Ephrem,Cissiee.Ephrem@yopmail.com,developer,8.51318E+17
1087,Marti,Chobot,Marti.Chobot@yopmail.com,police officer,4.5525E+17
1088,Goldie,Zetta,Goldie.Zetta@yopmail.com,doctor,1.97777E+17
1089,Arlena,Marijo,Arlena.Marijo@yopmail.com,firefighter,2.9326E+17
1090,Aurelie,Ethban,Aurelie.Ethban@yopmail.com,worker,8.05502E+17
1091,Gwenneth,Ax,Gwenneth.Ax@yopmail.com,worker,8.97784E+17
1092,Kathy,Toor,Kathy.Toor@yopmail.com,doctor,7.27471E+17
1093,Sindee,Wolfgram,Sindee.Wolfgram@yopmail.com,worker,2.40915E+17
1094,Margalo,Sancho,Margalo.Sancho@yopmail.com,police officer,6.59018E+17
1095,Kary,Dex,Kary.Dex@yopmail.com,doctor,1.34812E+17
1096,Tracey,Plato,Tracey.Plato@yopmail.com,firefighter,4.80942E+17
1097,Tressa,Glenden,Tressa.Glenden@yopmail.com,police officer,6.04227E+17
1098,Sidoney,Alva,Sidoney.Alva@yopmail.com,developer,2.13115E+17
1099,Adore,Johnsson,Adore.Johnsson@yopmail.com,worker,1.60804E+17
